{"cameraMode":{"drawMode":0,"name":"Shaded","section":"Shading Mode"},"sceneLighting":true,"audioPlay":false,"sceneViewState":{"m_AlwaysRefresh":false,"showFog":true,"showSkybox":true,"showFlares":true,"showImageEffects":true,"showParticleSystems":true,"showVisualEffectGraphs":true,"m_FxEnabled":true},"in2DMode":false,"pivot":{"x":-0.7657570242881775,"y":-0.08877092599868775,"z":-1.4185502529144288},"rotation":{"x":0.000986902043223381,"y":0.9988528490066528,"z":-0.04197639971971512,"w":0.023376690223813058},"size":1.4871903657913209,"orthographic":true}