{"cameraMode":{"drawMode":0,"name":"Shaded","section":"Shading Mode"},"sceneLighting":true,"audioPlay":false,"sceneViewState":{"m_AlwaysRefresh":false,"showFog":true,"showSkybox":true,"showFlares":true,"showImageEffects":true,"showParticleSystems":true,"showVisualEffectGraphs":true,"m_FxEnabled":true},"in2DMode":false,"pivot":{"x":-0.09300000220537186,"y":-0.5213126540184021,"z":-0.326484352350235},"rotation":{"x":0.1602407544851303,"y":0.7597479820251465,"z":-0.20411835610866548,"w":0.5962279438972473},"size":1.5091688632965088,"orthographic":true}